--- USERS (Konvence: 3 příjmení + 1 jméno + 2 čísla, plus DEMO účet)
INSERT INTO users (id, username, password, balance)
VALUES (1, 'novk01', '123456abcd', 350.00),
       (2, 'svoj02', '123456abcd', 220.00),
       (3, 'dvop03', '123456abcd', 90.00),
       (4, 'prol04', '123456abcd', 140.00),
       (5, 'krao05', '123456abcd', 50.00),
       (6, 'hort06', '123456abcd', 180.00),
       (7, 'kucm07', '123456abcd', 75.00),
       (8, 'urbe08', '123456abcd', 40.00),
       (9, 'pokd09', '123456abcd', 15.00),
       (10, 'hajb10', '123456abcd', 500.00),
       (11, 'DEMO', '123465abcd', 1500.00);
-- Speciální DEMO účet

--- ALERGENS
INSERT INTO alergens (id, name)
VALUES (1, 'Lepek (obiloviny)'),
       (2, 'Korýši'),
       (3, 'Vejce'),
       (4, 'Ryby'),
       (5, 'Arašídy'),
       (6, 'Sója'),
       (7, 'Mléko'),
       (8, 'Skořápkové plody'),
       (9, 'Celer'),
       (10, 'Hořčice'),
       (11, 'Sezam'),
       (12, 'Oxid siřičitý a siřičitany'),
       (13, 'Vlčí bob (lupina)'),
       (14, 'Měkkýši') ON CONFLICT (id) DO NOTHING;

--- MEALS (Gurmánské a detailní popisky)
INSERT INTO meals (id, name, description, category, image_url, carbs, fats, proteins, weight, kcal)
VALUES (1, 'Svíčková na smetaně',
        'Základem tohoto tradičního pokrmu je hovězí zadní maso, které se několik hodin pomalu táhne s kořenovou zeleninou a divokým kořením. Hotová omáčka je následně pasírována do hedvábné konzistence a zjemněna kvalitní vysokoprocentní smetanou. K jídlu podáváme naše nadýchané domácí karlovarské knedlíky s čerstvou petrželkou. Celkový chuťový zážitek doplňuje terč z citronu, brusinkový kompot a lžíce poctivé šlehačky.',
        'Hlavní jídlo', 'https://www.toprecepty.cz/fotky/recepty/0002/701d992736e12157d83ac62fcdb73ea4-facebook.jpg',
        35, 15, 40, 450, 750),
       (2, 'Kuřecí řízek',
        'Křehký prsní řízek z čerstvého kuřecího masa marinujeme v bylinkovém podmáslí pro maximální šťavnatost. Následně jej obalujeme v klasickém trojobalu s přídavkem křupavé strouhanky a smažíme dozlatova na přepuštěném másle. Jako přílohu podáváme jemnou bramborovou kaši, do které přidáváme pravé máslo a špetku muškátového oříšku. Nechybí ani tradiční křupavý kyselý okurek z lokální produkce.',
        'Hlavní jídlo', 'https://ms1.ostium.cz/instance/web-recepty/jGXNQFGs/h397w674t.jpg', 40, 20, 35, 420, 680),
       (3, 'Vepřo knedlo zelo',
        'Pomalu pečený vepřový bok a plecko připravujeme na hrubě drceném kmínu a čerstvém česneku, dokud maso není zcela křehké. K masu servírujeme variaci domácích knedlíků, která obsahuje jak houskový, tak bramborový knedlík. Bílé zelí připravujeme podle staročeského receptu s osmaženou cibulkou a jemným zahuštěním nastrouhanou bramborou. Vše je přelito silným redukovaným výpekem s nezaměnitelnou chutí pečeného masa.',
        'Tradiční',
        'https://itesco.cz//imgglobal/content_platform/recipes/main/0f/0f51f0e11a8493d8dcd6378aa1f22540.jpg', 50, 22,
        30, 480, 700),
       (4, 'Hovězí guláš',
        'Náš poctivý hospodský guláš připravujeme z vyzrálé hovězí kližky, která je díky dlouhému dušení neuvěřitelně jemná. Základ tvoří stejný poměr masa a cibule, která se restuje do tmava pro dosažení hluboké hnědé barvy a intenzivní chuti. Omáčka je provoněná majoránkou, česnekem a kvalitní sladkou maďarskou paprikou. Porci servírujeme s čerstvě nakrájenou červenou cibulí, feferonkou a krajícem kváskového chleba.',
        'Tradiční', 'https://cdn.administrace.tv/2025/07/22/medium_169/042ccc7374b2fecc5f47b7b82f67157b.jpg', 40, 18,
        38, 450, 690),
       (5, 'Pečené kuře s rýží',
        'Šťavnatá kuřecí čtvrtka je pečená dozlatova pod neustálým přeléváním máslovým výpekem pro dosažení dokonale křupavé kůrky. Maso zůstává uvnitř měkké a lehce se odděluje od kosti. Jako lehkou přílohu volíme dušenou jasmínovou rýži, která je připravovaná v rýžovaru s kapkou olivového oleje a solí. Pokrm je doplněn o silnou šťávu z výpeku, která rýži dodá potřebnou vláčnost a bohatou masovou chuť.',
        'Hlavní jídlo', 'https://paleosnadno.cz/wp-content/uploads/2024/01/DSC0086.jpg', 45, 14, 42, 460, 720),
       (6, 'Špagety aglio e olio',
        'Tato italská klasika sází na jednoduchost a špičkovou kvalitu použitých surovin. Al dente špagety promícháváme s emulzí z extra panenského olivového oleje, ve kterém jsme pomalu orestovali plátky čerstvého česneku. Pikantní tečku dodávají sušené chilli papričky a čerstvě nasekaná hladkolistá petrželka, která jídlo krásně provoní. Na závěr jídlo zasypeme hoblinkami vyzrálého parmezánu pro krémovější texturu a slaný nádech.',
        'Vegetariánské', 'https://cookingwithayeh.com/wp-content/uploads/2025/02/Spaghetti-Aglio-e-Olio-SQ.jpg', 55, 12,
        15, 400, 560),
       (7, 'Smažený sýr',
        'Vysoký plátek tučného eidamu obalujeme v poctivém trojobalu, který je dvakrát vrstvený, aby sýr při smažení nevytekl a zůstal krásně táhlý. K sýru podáváme dozlatova usmažené bramborové hranolky, které jsou na povrchu křupavé a uvnitř nadýchané. Neoddělitelnou součástí je naše domácí tatarská omáčka, kterou připravujeme z majonézy, kyselých okurek, cibule a špetky dijonské hořčice. Jde o nejoblíbenější bezmasou volbu našich zákazníků.',
        'Vegetariánské', 'https://www.letemgastrosvetem.cz/wp-content/uploads/2020/03/smazak-3591.jpg', 65, 25, 28, 470,
        820),
       (8, 'Caesar salát s kuřetem',
        'Základem tohoto lehkého oběda jsou křupavé listy římského salátu, které ručně trháme na optimální velikost. Každý list je obalen v našem originálním dresinku z ančoviček, česneku, vaječných žloutků a kvalitního oleje. Salát doplňují dozlatova grilované kousky kuřecích prsou a křupavé bylinkové krutony z bílého pečiva. Celý pokrm dekorujeme bohatou nadílkou hoblinek pravého parmezánu a čerstvě mletým pepřem.',
        'Salát',
        'https://assets.tmecosys.com/image/upload/t_web_rdp_recipe_584x480_1_5x/img/recipe/ras/Assets/b89f8de9-0f93-4976-b318-9ab04db353bc/Derivates/d3a08a3c-abb2-452e-9121-168f67c992c8.jpg',
        15, 12, 30, 350, 450),
       (9, 'Houbové rizoto',
        'Pravé italské rizoto připravujeme z rýže odrůdy Arborio, kterou postupně podléváme horkým zeleninovým vývarem a suchým bílým vínem. Během vaření rýže uvolňuje škrob, čímž vzniká přirozeně krémová konzistence bez použití mouky. Do základu přidáváme směs lesních hub restovaných na tymiánu a česneku, které dodávají jídlu zemitou vůni. V závěru do rizota vmícháme kostky studeného másla a čerstvě nastrouhané Grana Padano pro maximální jemnost.',
        'Vegetariánské',
        'https://assets.tmecosys.com/image/upload/t_web_rdp_recipe_584x480/img/recipe/ras/Assets/9DE3CA0F-329A-4EE6-BD28-B7038744E6FD/Derivates/635E1BF0-9CD6-4E3A-9D62-234687B509F1.jpg',
        55, 10, 20, 420, 530),
       (10, 'Bramborák s trhaným masem',
        'Dva velké, ručně strouhané bramboráky jsou dochuceny čerstvým česnekem a majoránkou, poté smaženy do vysoké křupavosti. Mezi ně vkládáme bohatou porci vepřového masa, které jsme pekli 12 hodin, dokud se samo nerozpadlo na jednotlivá vlákna. Maso je promícháno s naší speciální kouřovou BBQ omáčkou, která dodává lehce nasládlý a uzený nádech. Tento sytý pokrm představuje moderní variaci na oblíbenou českou klasiku, ideální pro velké hladovce.',
        'Tradiční',
        'https://cdn.administrace.tv/2022/08/07/hd/e154dfe0832182546ba72e5528580181.jpg', 50, 20, 35, 470, 700);

--- RATINGS (Rozšířená hodnocení včetně DEMO uživatele)
INSERT INTO ratings (meal_id, user_id, rating)
VALUES (1, 1, 'LIKED'),
       (1, 11, 'LIKED'),
       (1, 10, 'LIKED'),
       (2, 11, 'LIKED'),
       (2, 4, 'LIKED'),
       (2, 5, 'DISLIKED'),
       (3, 3, 'LIKED'),
       (3, 11, 'LIKED'),
       (3, 6, 'LIKED'),
       (4, 7, 'LIKED'),
       (4, 11, 'LIKED'),
       (4, 9, 'DISLIKED'),
       (5, 2, 'LIKED'),
       (5, 11, 'LIKED'),
       (6, 5, 'LIKED'),
       (6, 11, 'DISLIKED'),
       (6, 10, 'LIKED'),
       (7, 11, 'LIKED'),
       (7, 8, 'LIKED'),
       (7, 7, 'LIKED'),
       (8, 6, 'LIKED'),
       (8, 9, 'LIKED'),
       (8, 11, 'LIKED'),
       (9, 4, 'DISLIKED'),
       (9, 11, 'LIKED'),
       (9, 2, 'LIKED'),
       (10, 8, 'LIKED'),
       (10, 3, 'LIKED'),
       (10, 11, 'LIKED');

--- MEALS HISTORY (3 záznamy na každé jídlo)
INSERT INTO meals_history (id, date, meal_id, price)
VALUES (1, CURRENT_DATE - INTERVAL '21 days', 1, 145.00),
       (2, CURRENT_DATE - INTERVAL '14 days', 1, 149.00),
       (3, CURRENT_DATE - INTERVAL '7 days', 1, 155.00),
       (4, CURRENT_DATE - INTERVAL '20 days', 2, 125.00),
       (5, CURRENT_DATE - INTERVAL '13 days', 2, 129.00),
       (6, CURRENT_DATE - INTERVAL '6 days', 2, 135.00),
       (7, CURRENT_DATE - INTERVAL '19 days', 3, 139.00),
       (8, CURRENT_DATE - INTERVAL '12 days', 3, 145.00),
       (9, CURRENT_DATE - INTERVAL '5 days', 3, 149.00),
       (10, CURRENT_DATE - INTERVAL '18 days', 4, 119.00),
       (11, CURRENT_DATE - INTERVAL '11 days', 4, 125.00),
       (12, CURRENT_DATE - INTERVAL '4 days', 4, 129.00),
       (13, CURRENT_DATE - INTERVAL '17 days', 5, 115.00),
       (14, CURRENT_DATE - INTERVAL '10 days', 5, 119.00),
       (15, CURRENT_DATE - INTERVAL '3 days', 5, 125.00),
       (16, CURRENT_DATE - INTERVAL '16 days', 6, 105.00),
       (17, CURRENT_DATE - INTERVAL '9 days', 6, 109.00),
       (18, CURRENT_DATE - INTERVAL '2 days', 6, 115.00),
       (19, CURRENT_DATE - INTERVAL '15 days', 7, 125.00),
       (20, CURRENT_DATE - INTERVAL '8 days', 7, 129.00),
       (21, CURRENT_DATE - INTERVAL '1 day', 7, 135.00),
       (22, CURRENT_DATE - INTERVAL '22 days', 8, 139.00),
       (23, CURRENT_DATE - INTERVAL '15 days', 8, 145.00),
       (24, CURRENT_DATE - INTERVAL '5 days', 8, 145.00),
       (25, CURRENT_DATE - INTERVAL '23 days', 9, 119.00),
       (26, CURRENT_DATE - INTERVAL '16 days', 9, 125.00),
       (27, CURRENT_DATE - INTERVAL '6 days', 9, 125.00),
       (28, CURRENT_DATE - INTERVAL '24 days', 10, 135.00),
       (29, CURRENT_DATE - INTERVAL '17 days', 10, 139.00),
       (30, CURRENT_DATE - INTERVAL '7 days', 10, 145.00);

--- ORDERS HISTORY (Bohatá historie pro uživatele DEMO)
INSERT INTO orders_history (id, date, meal_id, user_id, price)
VALUES
-- Mix ostatních uživatelů
(1, CURRENT_DATE - INTERVAL '14 days', 1, 1, 149.00),
(2, CURRENT_DATE - INTERVAL '13 days', 2, 4, 129.00),
(3, CURRENT_DATE - INTERVAL '10 days', 6, 1, 109.00),
(4, CURRENT_DATE - INTERVAL '8 days', 7, 2, 119.00),
-- Intenzivní historie pro DEMO uživatele (ID 11)
(5, CURRENT_DATE - INTERVAL '54 days', 1, 11, 145.00),
(6, CURRENT_DATE - INTERVAL '48 days', 3, 11, 139.00),
(7, CURRENT_DATE - INTERVAL '42 days', 5, 11, 115.00),
(8, CURRENT_DATE - INTERVAL '30 days', 10, 11, 135.00),
(9, CURRENT_DATE - INTERVAL '22 days', 8, 11, 139.00),
(10, CURRENT_DATE - INTERVAL '20 days', 2, 11, 125.00),
(11, CURRENT_DATE - INTERVAL '18 days', 4, 11, 119.00),
(12, CURRENT_DATE - INTERVAL '16 days', 9, 11, 119.00),
(13, CURRENT_DATE - INTERVAL '14 days', 1, 11, 149.00),
(14, CURRENT_DATE - INTERVAL '12 days', 3, 11, 145.00),
(15, CURRENT_DATE - INTERVAL '10 days', 6, 11, 109.00),
(16, CURRENT_DATE - INTERVAL '8 days', 7, 11, 129.00),
(17, CURRENT_DATE - INTERVAL '5 days', 8, 11, 145.00),
(18, CURRENT_DATE - INTERVAL '3 days', 5, 11, 125.00),
(19, CURRENT_DATE - INTERVAL '1 day', 10, 11, 145.00);

--- MEALS ↔ ALERGENS
INSERT INTO meals_alergens (meal_id, alergen_id, value)
VALUES (1, 1, 'ano'),
       (1, 7, 'ano'),
       (2, 1, 'ano'),
       (2, 3, 'ano'),
       (3, 1, 'ano'),
       (4, 1, 'ano'),
       (6, 1, 'ano'),
       (7, 7, 'ano'),
       (7, 1, 'ano'),
       (8, 1, 'ano'),
       (8, 7, 'ano'),
       (9, 7, 'ano'),
       (10, 3, 'ano');